xc(um),yc(um),zc(um),radius(um),matid
6.75,0.0,0,2.5,17
3.375000000000001,5.84567147554496,0,2.5,18
-3.3749999999999987,5.845671475544961,0,2.5,19
-6.75,8.266365894244634e-16,0,2.5,20
-3.375000000000003,-5.845671475544959,0,2.5,21
3.375000000000001,-5.84567147554496,0,2.5,22
0,0,0,25,23
0,0,0,35,11
