xc(um),yc(um),zc(um),radius(um),matid
0,0,0,8,17
0,0,0,9.185839476978717,18
0,0,0,11.072402281263042,11
